"","id","ave_price","price_range"
"1",3353,35.2048192771084,4
"2",5506,147.267441860465,130
"3",6695,197.407407407407,130
"4",6976,65,0
"5",8792,154,0
"6",9765,236.85635359116,298
"7",9824,222.321981424149,281
"8",9857,363.394812680115,401
"9",9860,269.759206798867,293
"10",9870,288.776243093923,338
"11",10730,150,0
"12",10758,116.395348837209,20
"13",10807,80.8024691358025,65
"14",10809,110.116279069767,65
"15",10810,251.744186046512,25
"16",12356,200,0
"17",12441,418.354098360656,482
"18",13059,400.837837837838,313
"19",13589,451.097402597403,504
"20",13592,377.994350282486,436
"21",18711,169.890207715134,297
"22",20000,75,0
"23",22208,233.988795518207,276
"24",22212,331.201149425287,533
"25",22354,135,0
"26",23619,178.015873015873,100
"27",24240,250,0
"28",27141,288.194986072423,338
"29",27611,185,0
"30",28150,270.51404494382,293
"31",29155,470.832797427653,504
"32",29765,280.252788104089,110
"33",31796,60.0283018867925,4
"34",36885,155,0
"35",39116,100.270916334661,46
"36",40601,95,0
"37",44205,240.704545454545,91
"38",47521,55,0
"39",47722,458.358333333333,470
"40",47725,282.511173184358,360
"41",48612,375,0
"42",50032,725,0
"43",54944,208.141104294479,333
"44",57156,95,0
"45",57800,70,0
"46",60029,75,0
"47",60356,175,0
"48",66288,75.3060498220641,15
"49",67774,110,0
"50",69369,85,0
"51",70481,175,0
"52",72811,62,0
"53",76073,401.724137931034,25
"54",77681,160,0
"55",77691,65,0
"56",82637,175,0
"57",91588,81.159217877095,85
"58",93505,199,0
"59",95453,173.32,26
"60",115936,525,0
"61",118905,320,0
"62",160572,450,0
"63",163941,230.448916408669,20
"64",164418,76.4375,5
"65",169430,241.666666666667,150
"66",169938,140,0
"67",176006,51.5700636942675,35
"68",177129,70.1724137931034,51
"69",179244,70,0
"70",179245,70,0
"71",182613,231.894736842105,130
"72",189965,125,0
"73",195515,199,0
"74",196806,77.841225626741,69
"75",197146,386.934285714286,401
"76",197727,84.0032679738562,5
"77",197972,147.900621118012,13
"78",200265,79.7321428571429,41
"79",205894,65,0
"80",210097,100,0
"81",213086,69.4594594594595,10
"82",217498,101.940199335548,22
"83",220676,128.574297188755,151
"84",225224,98,0
"85",225834,70,0
"86",225979,60,0
"87",232990,79.8453608247423,41
"88",250345,299.488817891374,390
"89",250983,350,0
"90",257588,234.769230769231,200
"91",276450,264.170731707317,1036
"92",295285,80,0
"93",311240,198.03125,75
"94",315982,165,0
"95",321328,100,0
"96",322593,224.369863013699,114
"97",332225,217.9375,205
"98",336946,130.25078369906,60
"99",336960,67.9478527607362,25
"100",349347,248.186246418338,988
"101",369880,140.887096774194,110
"102",369940,199,0
"103",377474,395,0
"104",395975,85.1141975308642,33
"105",400067,56,0
"106",414419,207.076923076923,175
"107",442735,251.854599406528,150
"108",447826,95.0406779661017,7092
"109",453660,171.493150684931,377
"110",466361,80,0
"111",472070,438.46925566343,1392
"112",475254,500,0
"113",475259,506.896551724138,100
"114",496022,97.8571428571429,10
"115",497810,357.576271186441,300
"116",508017,229.815436241611,254
"117",526970,130,0
"118",530983,225.823529411765,102
"119",531552,167.459627329193,294
"120",533114,201.837060702875,354
"121",533152,170.970588235294,297
"122",536865,112.685618729097,141
"123",543078,383.003039513678,450
"124",554720,240,0
"125",561769,150.868421052632,71
"126",568234,124.42987804878,25
"127",570493,125,0
"128",579605,163.352760736196,306
"129",583255,143.822580645161,15
"130",585148,225,0
"131",586994,181.526845637584,100
"132",594693,70.030487804878,3
"133",601763,174.323333333333,364
"134",611081,190.789473684211,150
"135",619142,175,0
"136",625012,250.552631578947,7
"137",629814,229.090909090909,15
"138",639101,231.631016042781,250
"139",639111,233.770053475936,250
"140",646087,147.447552447552,120
"141",650956,292.339743589744,10
"142",658029,280.221830985916,1036
"143",667325,80.9834710743802,35
"144",693353,265.969529085873,379
"145",697078,175,0
"146",705900,235.164383561644,320
"147",705919,223.031746031746,90
"148",708802,160.032894736842,50
"149",716245,127.822580645161,10
"150",728238,60.56,5
"151",732932,80,0
"152",732999,204.554794520548,10
"153",737519,120,0
"154",743211,569.98502994012,75
"155",749247,84.7994269340974,5
"156",750438,65,0
"157",753446,59.3631123919308,11
"158",754845,222.357142857143,281
"159",766700,167.358803986711,125
"160",771309,58,0
"161",777903,85,0
"162",789843,499,0
"163",798957,308.887218045113,278
"164",799701,300,0
"165",801680,198.323076923077,180
"166",801722,169.281065088757,317
"167",815639,162.692307692308,125
"168",820073,583.584569732938,1328
"169",822063,35,0
"170",826555,84,0
"171",826706,72,0
"172",831744,263.431884057971,150
"173",839265,56,0
"174",848152,377.915662650602,100
"175",849408,252.92523364486,80
"176",851927,150,0
"177",879929,90,0
"178",890705,75,0
"179",891661,130.592417061611,20
"180",891953,163.741721854305,25
"181",894539,95,0
"182",915272,175.327868852459,50
"183",916123,165.253968253968,125
"184",932853,135,0
"185",950046,250,0
"186",951476,355.111111111111,70
"187",957224,275.15625,25
"188",962610,123.899390243902,90
"189",971393,175,0
"190",973840,82,0
"191",979759,310,0
"192",989163,170,0
"193",990668,162.939597315436,154
"194",994138,148.82252559727,35
"195",1030500,100,0
"196",1038465,135,0
"197",1042420,131.654485049834,68
"198",1044307,267.60773480663,298
"199",1051482,275,0
"200",1059604,275,0
"201",1066742,200,0
"202",1066767,275,0
"203",1067184,94.0870786516854,22
"204",1071144,268.173669467787,276
"205",1071235,141.752475247525,18
"206",1077105,176,0
"207",1090413,122.836257309942,10
"208",1092093,115,0
"209",1102623,124.769230769231,3
"210",1109224,420.132930513595,195
"211",1110423,277.249146757679,599
"212",1112067,73,0
"213",1112193,65,0
"214",1113272,210,0
"215",1115394,105.45390070922,189
"216",1119740,204.165266106443,276
"217",1128894,55,0
"218",1131634,218.047923322684,170
"219",1136972,85.7303370786517,40
"220",1141522,95.2403560830861,22
"221",1141888,125,0
"222",1147871,94.8865671641791,11
"223",1161210,62.2764705882353,42
"224",1166808,136.373961218837,304
"225",1167221,97.9747634069401,52
"226",1171578,99,0
"227",1173306,75,0
"228",1174776,185,0
"229",1175376,382.675595238095,1534
"230",1178106,117.935754189944,123
"231",1178162,95.0818713450292,7
"232",1178371,45,0
"233",1179399,68.5074626865672,5
"234",1183032,150,0
"235",1185034,162.754208754209,19
"236",1197857,259.46587537092,1036
"237",1200502,147.693726937269,130
"238",1203014,65,0
"239",1220971,189.195804195804,86
"240",1222327,178,0
"241",1223050,100,0
"242",1234740,398.190883190883,401
"243",1240598,119.003300330033,33
"244",1248870,210.61935483871,170
"245",1252289,101.72131147541,14
"246",1262443,39,0
"247",1264217,154.259259259259,110
"248",1275498,160,0
"249",1277618,210,0
"250",1301500,76.6,26
"251",1321422,54.9481481481481,74
"252",1327725,147.174061433447,65
"253",1329627,270.118343195266,149
"254",1332786,36.5628415300546,25
"255",1340649,114.366197183099,50
"256",1341072,403,276
"257",1342370,384.02875399361,1534
"258",1352776,65,0
"259",1365335,160,0
"260",1372816,222.789634146341,281
"261",1373520,119.418181818182,36
"262",1374434,75,0
"263",1374466,85,0
"264",1391215,50.6432748538012,5
"265",1391492,58.1446540880503,15
"266",1401625,272.016713091922,338
"267",1403408,90,0
"268",1421610,475.555555555556,280
"269",1426711,163.152249134948,64
"270",1426754,134.8,60
"271",1428355,83.2,30
"272",1436513,75,0
"273",1445064,49,0
"274",1454258,94.7944785276074,27
"275",1458081,242.60625,157
"276",1471308,73.4444444444444,30
"277",1471373,79.1638795986622,15
"278",1472481,59.5162454873646,63
"279",1472520,59.9638989169675,84
"280",1489289,177.822580645161,10
"281",1494726,76.4225352112676,5
"282",1497879,107.984126984127,8
"283",1498719,250,0
"284",1510876,59.9824561403509,5
"285",1525494,64.1086261980831,19
"286",1529321,66.81640625,18
"287",1541166,143.191235059761,16
"288",1544702,62.7657992565056,37
"289",1545185,158.234421364985,60
"290",1550047,469.789644012945,1843
"291",1551205,435,0
"292",1551467,150,0
"293",1584362,52.0581395348837,22
"294",1587540,285.285714285714,174
"295",1589392,130,0
"296",1591827,60,0
"297",1596470,458.377777777778,625
"298",1602491,72.8529411764706,10
"299",1612842,290,0
"300",1615033,141.793650793651,110
"301",1631942,122.5,10
"302",1638584,65,0
"303",1644031,112.625,11
"304",1648950,165.866666666667,38
"305",1658983,155,0
"306",1668313,57,0
"307",1692573,135,0
"308",1695275,108.730088495575,41
"309",1704090,123.875,5
"310",1717816,99,0
"311",1721016,84.1724137931034,20
"312",1724900,130.751633986928,30
"313",1731639,500,0
"314",1732804,80,0
"315",1745339,195,0
"316",1754939,173.076923076923,50
"317",1757417,66.2272727272727,4
"318",1758953,208.741830065359,75
"319",1775935,314.277777777778,100
"320",1803138,85,0
"321",1810172,67.2096774193548,1
"322",1810397,800,0
"323",1811776,265.19512195122,70
"324",1815326,99,0
"325",1819994,310,0
"326",1821633,99.5871559633027,10
"327",1827762,179.285714285714,30
"328",1839549,70.7847222222222,8
"329",1840255,358.078431372549,800
"330",1850260,65,0
"331",1861070,75,0
"332",1863443,254.067567567568,200
"333",1864705,416.951807228916,170
"334",1867754,290.216216216216,220
"335",1867881,347.315217391304,200
"336",1868124,394.180722891566,190
"337",1868513,343,80
"338",1873046,139.899350649351,30
"339",1881180,90,0
"340",1881298,90,0
"341",1884045,65,0
"342",1885386,86.0879478827362,45
"343",1885825,79.4496644295302,52
"344",1887507,102.666666666667,10
"345",1887581,333.805970149254,350
"346",1902160,70,0
"347",1912940,149.880952380952,30
"348",1929406,283.809523809524,70
"349",1936861,59.7098591549296,8
"350",1948096,385,0
"351",1949996,120,0
"352",1956275,371.695792880259,282
"353",1964878,393.391891891892,240
"354",1966195,519,130
"355",2000797,60.3951367781155,40
"356",2014651,100,0
"357",2014882,70.9417475728155,6
"358",2021274,244.886297376093,185
"359",2021483,500,0
"360",2021489,200,0
"361",2022303,252.090032154341,150
"362",2043261,137.822580645161,10
"363",2043529,200.281690140845,50
"364",2043541,209.857142857143,50
"365",2061478,110,0
"366",2077794,109.465753424658,29
"367",2114274,84.1450617283951,39
"368",2126053,175.487804878049,125
"369",2135075,195.845679012346,74
"370",2135451,110,0
"371",2167993,160.507598784195,91
"372",2174476,166.039877300613,191
"373",2174711,154.204402515723,161
"374",2183058,191.896321070234,60
"375",2183117,108.320610687023,60
"376",2186358,325.425120772947,250
"377",2187766,419.434782608696,210
"378",2189086,80.1123595505618,10
"379",2214923,514.581395348837,220
"380",2215762,185,0
"381",2216767,186.334470989761,171
"382",2219399,115,0
"383",2227959,65,0
"384",2243499,325.231884057971,250
"385",2246959,389.774647887324,240
"386",2247190,389.921985815603,240
"387",2277821,608.68023255814,570
"388",2278704,66.3002915451895,17
"389",2292495,176.018808777429,175
"390",2294730,87.1774193548387,10
"391",2295530,100.057851239669,32
"392",2301709,358.619496855346,945
"393",2326445,195,0
"394",2331886,186.6,23
"395",2360109,139.251412429379,85
"396",2365632,220,0
"397",2372987,182.868421052632,460
"398",2374089,195,0
"399",2376518,237.852564102564,10
"400",2378421,136.746575342466,25
"401",2384107,350,0
"402",2395326,179.413793103448,45
"403",2410846,145.121580547112,65
"404",2429961,162.352941176471,100
"405",2441095,198.022988505747,300
"406",2473997,84.0116279069767,43
"407",2481019,229.102893890675,170
"408",2495047,160,0
"409",2515870,99,0
"410",2526773,52,0
"411",2529318,150,0
"412",2538536,149,0
"413",2547075,153.700906344411,55
"414",2547129,196.673913043478,75
"415",2549840,430.407534246575,1093
"416",2555771,150,0
"417",2564544,174.378378378378,46
"418",2573685,270.810810810811,320
"419",2583074,40.0753012048193,5
"420",2592416,500,0
"421",2621242,110,0
"422",2633478,212,0
"423",2634361,70.3809523809524,10
"424",2634499,68.0833333333333,14
"425",2636365,108,0
"426",2649521,600,0
"427",2657905,166.555555555556,60
"428",2658094,264.31724137931,74
"429",2660908,99,0
"430",2663667,155,0
"431",2672058,90,0
"432",2682662,277.942424242424,800
"433",2683284,275.311046511628,323
"434",2694019,250,0
"435",2698996,77,30
"436",2701124,280,0
"437",2706986,137.469879518072,75
"438",2722165,337.25,51
"439",2729015,92.2164948453608,25
"440",2747654,108.432786885246,44
"441",2754149,65,0
"442",2754975,209.055118110236,100
"443",2764624,76.5653409090909,14
"444",2769450,280,0
"445",2776143,123.425,61
"446",2776391,250.345394736842,100
"447",2794782,70,0
"448",2798599,200,0
"449",2798787,75,0
"450",2811937,70,0
"451",2821921,329,0
"452",2823378,107.110778443114,25
"453",2831504,441.429850746269,134
"454",2842124,200,0
"455",2843596,85,0
"456",2846739,125.207715133531,10
"457",2848239,239.439655172414,100
"458",2848330,278.872403560831,175
"459",2848362,271.002994011976,200
"460",2848370,185,70
"461",2848393,484.542682926829,425
"462",2862120,96.0526315789474,25
"463",2871079,250,0
"464",2872717,388.391891891892,220
"465",2875267,175,0
"466",2881388,810.532110091743,805
"467",2884903,70,0
"468",2886933,258.411764705882,110
"469",2892825,412.367231638418,525
"470",2898226,150.301587301587,19
"471",2915595,299,0
"472",2916208,107.056451612903,25
"473",2930663,76.4904942965779,12
"474",2931165,57.25,12
"475",2931271,152.830357142857,83
"476",2931870,76.5505617977528,11
"477",2943804,207.477611940299,154
"478",2947662,300.318681318681,125
"479",2963419,100,0
"480",2998554,205,60
"481",3012529,75,0
"482",3021446,95.2384105960265,154
"483",3021862,90,0
"484",3050565,90,0
"485",3052935,67.2485207100592,10
"486",3057116,79.0837988826816,15
"487",3060038,80.002808988764,1
"488",3068453,113.200668896321,42
"489",3069104,230,0
"490",3075044,67.8133704735376,10
"491",3079305,156.724137931034,10
"492",3129309,164.096774193548,125
"493",3131519,74.8947368421053,10
"494",3164650,54.6305220883534,21
"495",3166256,135.052631578947,15
"496",3181719,120.660377358491,20
"497",3193484,68.2352941176471,15
"498",3198169,112.613636363636,20
"499",3229255,111.600775193798,86
"500",3236496,116.818181818182,10
"501",3250847,67.3795180722892,10
"502",3276286,187.909090909091,118
"503",3278624,418.06976744186,170
"504",3289921,170,0
"505",3294152,117.90273556231,20
"506",3294775,61.3818181818182,45
"507",3302294,223.398734177215,236
"508",3303860,68.6827195467422,13
"509",3309941,405.626506024096,170
"510",3311675,55.7360703812317,13
"511",3318814,75,0
"512",3342094,346.189189189189,145
"513",3342206,414.202702702703,150
"514",3343428,83.8,29
"515",3344322,67.8422619047619,30
"516",3344639,58.5820895522388,4
"517",3351728,819.111111111111,349
"518",3363097,397.06006006006,11
"519",3377100,256.923076923077,55
"520",3377871,121.40562248996,5
"521",3392423,114.834586466165,44
"522",3394437,300,0
"523",3410087,129.471204188482,80
"524",3412990,60,0
"525",3415033,198.665730337079,175
"526",3415245,742.647058823529,50
"527",3415434,67.5842696629213,16
"528",3419711,70,0
"529",3420221,65,0
"530",3420384,166.418338108883,5
"531",3432321,220,0
"532",3434614,125,10
"533",3519768,193.952978056426,190
"534",3520353,260.993670886076,350
"535",3528826,386.086687306502,1118
"536",3539510,422.258928571429,642
"537",3575220,45.0576923076923,5
"538",3585343,110,0
"539",3589267,414.603498542274,1100
"540",3589869,79.8817204301075,6
"541",3591359,130,0
"542",3591388,275,0
"543",3593290,325,0
"544",3601030,230.761092150171,241
"545",3601254,147.707317073171,72
"546",3601424,75,0
"547",3602379,163.012158054711,110
"548",3615760,125.182795698925,127
"549",3616081,123.440119760479,65
"550",3628320,136.956204379562,60
"551",3629014,89.558282208589,25
"552",3653207,278.942857142857,150
"553",3656168,38,0
"554",3659917,75,0
"555",3664031,335,0
"556",3668038,72,0
"557",3673104,295,0
"558",3677662,85,0
"559",3678429,88.4269662921348,30
"560",3693850,88,0
"561",3701108,90,0
"562",3703674,75,0
"563",3721095,360.623003194888,50
"564",3727560,120,0
"565",3730447,180,0
"566",3740274,228.781818181818,30
"567",3749523,488.057324840764,100
"568",3755609,77.1268436578171,8
"569",3765014,51.8526645768025,10
"570",3765289,67.2825484764543,8
"571",3783090,177.714285714286,90
"572",3788075,81,0
"573",3792147,92.1960784313726,30
"574",3820516,211.365079365079,86
"575",3839678,50,0
"576",3842286,197.062015503876,260
"577",3866526,120,0
"578",3867014,254.203647416413,63
"579",3870046,298.540145985401,125
"580",3888360,308.053797468354,567
"581",3890373,235.051660516605,276
"582",3897963,77.087786259542,11
"583",3897995,76.4837545126354,18
"584",3898015,70.5801526717557,20
"585",3901439,71.722433460076,23
"586",3903273,225,0
"587",3903324,254.067567567568,200
"588",3905508,130,0
"589",3914363,254.743243243243,200
"590",3917027,74.8888888888889,10
"591",3931204,303.744525547445,250
"592",3945704,162.641693811075,160
"593",3946215,97.39375,68
"594",3953472,148.736842105263,15
"595",3957602,79.2786885245902,40
"596",3967611,200,0
"597",3968797,85,0
"598",3969526,247.97520661157,56
"599",3974503,65,0
"600",3985462,352.044444444444,1091
"601",3987926,75.2201257861635,50
"602",3988018,81.6091954022989,30
"603",3992208,108.964664310954,41
"604",4000384,90,0
"605",4015972,60.059880239521,5
"606",4020650,140.111111111111,10
"607",4025194,87.7672955974843,35
"608",4032126,37.5944700460829,3
"609",4032756,188,0
"610",4034018,326.893992932862,790
"611",4040151,418.06976744186,170
"612",4044840,343,80
"613",4053612,403.861111111111,160
"614",4054079,95.5555555555556,2
"615",4065322,85.3030303030303,15
"616",4065578,237.16814159292,120
"617",4069422,500,0
"618",4075898,289,0
"619",4080000,74.8888888888889,10
"620",4085362,75,0
"621",4089940,249,0
"622",4090224,545.134693877551,587
"623",4098410,106.057851239669,29
"624",4105704,135.12323943662,25
"625",4106372,274.212034383954,70
"626",4107959,120.492537313433,10
"627",4109165,251.275862068966,200
"628",4118162,289,0
"629",4119345,338.541666666667,300
"630",4132983,388.574468085106,240
"631",4143561,391.5,240
"632",4149974,104.550955414013,65
"633",4151979,500,0
"634",4160585,85,0
"635",4173285,89,0
"636",4177233,74,0
"637",4178790,343.656050955414,908
"638",4180178,60,0
"639",4181163,418.06976744186,170
"640",4181530,316.281690140845,182
"641",4190704,220,0
"642",4196643,251.907407407407,130
"643",4205641,108.416149068323,18
"644",4216208,91.7941176470588,36
"645",4223387,75,0
"646",4233242,119,0
"647",4255538,304.563139931741,62
"648",4261784,85,0
"649",4262255,80.1129568106312,20
"650",4263736,97.2553191489362,28
"651",4275846,114.620253164557,36
"652",4278067,175.681818181818,200
"653",4278873,80,0
"654",4279959,179,0
"655",4283698,104.733333333333,15
"656",4287348,105,0
"657",4293597,40,0
"658",4294835,60,0
"659",4303606,169.873846153846,74
"660",4304969,146.302721088435,54
"661",4314054,108.032490974729,20
"662",4331214,65,0
"663",4332035,231.741935483871,130
"664",4339392,170,0
"665",4340110,90.1796407185629,10
"666",4350898,89.4502923976608,18
"667",4350995,250,0
"668",4351970,99,0
"669",4358181,130,0
"670",4359160,122.835051546392,61
"671",4364925,244.261006289308,300
"672",4364989,172.938144329897,150
"673",4377247,227.190476190476,52
"674",4402209,100,0
"675",4402259,175,0
"676",4405982,407.547945205479,30
"677",4409653,479,200
"678",4409819,320.945619335347,332
"679",4410142,200,0
"680",4410765,135,0
"681",4431210,51.8651685393258,10
"682",4432035,277.166666666667,100
"683",4435883,200,0
"684",4445906,488.873417721519,190
"685",4446413,392.310810810811,240
"686",4447430,304.749103942652,225
"687",4456987,99,0
"688",4457943,96,18
"689",4460532,67.9047619047619,16
"690",4461111,45,0
"691",4461613,150,0
"692",4461846,147,0
"693",4461901,155,0
"694",4475740,78,0
"695",4479140,190,0
"696",4484747,51.8529411764706,10
"697",4484798,70.0110497237569,7
"698",4489490,229,0
"699",4489588,249,0
"700",4489752,206.674050632911,150
"701",4489920,365.511627906977,10
"702",4490826,394.743243243243,240
"703",4493030,272,0
"704",4494419,61.8295819935691,10
"705",4510513,229,0
"706",4516065,343,80
"707",4518100,180.548780487805,20
"708",4518380,188,0
"709",4518710,165,0
"710",4518756,165,0
"711",4526315,453.068965517241,125
"712",4526384,376.02027027027,100
"713",4527029,49.4094707520891,12
"714",4530670,79.2696629213483,5
"715",4532603,250.597315436242,170
"716",4538423,47.6603773584906,113
"717",4546333,211.216216216216,30
"718",4549374,208.542207792208,176
"719",4553903,197.458333333333,93
"720",4555637,71.8305084745763,29
"721",4558443,172.567567567568,20
"722",4559774,130.857142857143,5
"723",4560053,266.017964071856,225
"724",4565470,418.06976744186,170
"725",4567815,120,0
"726",4568116,108.5,45
"727",4573238,249.106007067138,90
"728",4573388,220.821305841924,130
"729",4573458,213.38127090301,130
"730",4574921,300,0
"731",4577188,161.866295264624,173
"732",4580825,273,30
"733",4583526,219.451219512195,105
"734",4586590,103.169014084507,21
"735",4586681,90,0
"736",4593974,39,0
"737",4598026,47,0
"738",4602191,395,0
"739",4603588,175,0
"740",4609785,75,0
"741",4614037,246.875,50
"742",4615251,83,0
"743",4628907,49,0
"744",4632511,305,0
"745",4635390,203.571428571429,16
"746",4638356,91.3555555555556,30
"747",4652263,195.657276995305,80
"748",4662379,423.737373737374,50
"749",4670285,65,0
"750",4679319,110,0
"751",4695542,69,0
"752",4698367,138.4375,50
"753",4699742,300,0
"754",4699828,148.929133858268,42
"755",4718577,120,0
"756",4737304,65,0
"757",4742275,125,0
"758",4750791,249.787671232877,100
"759",4765070,90,0
"760",4767023,209.31906614786,15
"761",4777111,173.27868852459,45
"762",4787233,200,0
"763",4787359,198.837209302326,50
"764",4793787,65.1147058823529,54
"765",4820071,121.69014084507,45
"766",4828640,61.4971751412429,5
"767",4838985,483.823529411765,225
"768",4860853,243.74375,357
"769",4861476,269.713467048711,70
"770",4863101,116.627388535032,37
"771",4863108,112.475409836066,32
"772",4868653,92.0231213872832,10
"773",4875342,75,0
"774",4879579,238.120879120879,290
"775",4900659,177,0
"776",4909590,107.653543307087,24
"777",4916260,306.918181818182,176
"778",4922204,211.98833819242,200
"779",4924009,104.257525083612,16
"780",4924910,164.103773584906,15
"781",4928894,183.904109589041,80
"782",4934600,140.584126984127,50
"783",4947526,126.188118811881,29
"784",4948724,274.275167785235,167
"785",4964365,181.383399209486,70
"786",4967219,69,0
"787",4972820,130,0
"788",4975581,176.733333333333,85
"789",4977034,400,0
"790",4995033,197.5,40
"791",4996375,122.574712643678,34
"792",5004278,175,0
"793",5019306,300,0
"794",5021859,50,0
"795",5025015,175,0
"796",5048406,78,0
"797",5049582,70,0
"798",5054601,75,0
"799",5064995,144.372881355932,5
"800",5067019,150,0
"801",5074924,243.283076923077,357
"802",5075267,242.819571865443,357
"803",5076880,232.227138643068,25
"804",5078127,274.025423728814,100
"805",5085125,75,0
"806",5088560,652.868965517241,816
"807",5124772,208.5,24
"808",5125723,100,0
"809",5146447,63,0
"810",5146451,63,0
"811",5146580,65,0
"812",5153080,167.016181229773,325
"813",5163162,257.271186440678,815
"814",5166870,169.375776397516,25
"815",5182313,112.777777777778,10
"816",5191658,250,0
"817",5212321,189,0
"818",5215982,285,0
"819",5222368,75,0
"820",5259996,225,0
"821",5267396,141.050147492625,73
"822",5269216,473.959322033898,1843
"823",5280183,110,0
"824",5280827,70.7022471910112,6
"825",5293067,49,0
"826",5308475,175,0
"827",5317935,350,0
"828",5344465,57.3863636363636,25
"829",5352623,291.761467889908,160
"830",5364137,99,0
"831",5371051,118.480519480519,40
"832",5371687,249,0
"833",5380160,313.101449275362,40
"834",5384923,176.855263157895,46
"835",5405928,200,0
"836",5434353,145,0
"837",5453775,97.8118811881188,12
"838",5454513,396.357340720222,720
"839",5455293,389.043859649123,720
"840",5478135,195,0
"841",5481243,150,0
"842",5495547,185,0
"843",5510597,62,0
"844",5511924,135,0
"845",5521378,85.8513513513514,19
"846",5526487,280.606811145511,176
"847",5526514,179.805970149254,120
"848",5532549,260,0
"849",5581575,314.671140939597,35
"850",5582163,181.081081081081,480
"851",5584915,135,0
"852",5588537,194.791666666667,50
"853",5592866,160,0
"854",5593888,99.9624060150376,46
"855",5593939,100,0
"856",5601743,49.8387096774194,14
"857",5606682,194.329305135952,139
"858",5616179,148.045325779037,20
"859",5620496,200,0
"860",5639731,243.74375,357
"861",5640375,243.566153846154,357
"862",5649821,300,0
"863",5659866,200.494736842105,47
"864",5661246,118.974719101124,25
"865",5676025,128.199004975124,35
"866",5684598,199,0
"867",5690424,697.641196013289,330
"868",5702292,79.7,26
"869",5706985,111.755813953488,100
"870",5709298,351.180379746835,1014
"871",5714786,240.735202492212,357
"872",5717528,110,0
"873",5717690,258.739644970414,1036
"874",5718801,150,0
"875",5718921,225,0
"876",5719606,335.575757575758,20
"877",5725804,130,0
"878",5726250,357.432432432432,200
"879",5727231,159,0
"880",5729845,60.4161849710983,5
"881",5734770,133.372881355932,38
"882",5739119,85.4,14
"883",5743939,299.9,21
"884",5755910,188.111111111111,219
"885",5768819,155.064724919094,5
"886",5769127,150,0
"887",5782221,284.266666666667,25
"888",5783197,617.824773413897,100
"889",5784404,91.2048192771084,61
"890",5791960,294.562091503268,927
"891",5801643,46.5149700598802,6
"892",5834413,390.122905027933,206
"893",5844314,60.55,18
"894",5851489,169,0
"895",5862806,67,0
"896",5870309,428.454022988506,275
"897",5870922,76.256,19
"898",5874408,75,0
"899",5882411,88,0
"900",5889190,95,0
"901",5891012,60,0
"902",5899031,350,0
"903",5903001,325,0
"904",5904732,70.4054054054054,15
"905",5918944,150,0
"906",5919529,669.246031746032,650
"907",5927267,75,0
"908",5932267,250,0
"909",5940866,75,0
"910",5952474,255.826229508197,320
"911",5953696,250,145
"912",5959251,375,0
"913",5967421,69.9130434782609,19
"914",5976821,110.028985507246,1
"915",5990808,125.324786324786,49
"916",5990896,86.4044943820225,5
"917",5991427,65,0
"918",5992501,249,0
"919",5999291,150.479704797048,10
"920",6000531,249,0
"921",6005290,80.4479166666667,26
"922",6006121,140.845323741007,35
"923",6006328,65,0
"924",6014302,65,0
"925",6014737,65,0
"926",6015021,358.865168539326,263
"927",6015995,288.022346368715,194
"928",6017574,426.315789473684,25
"929",6019555,64.5,5
"930",6027467,280.59217877095,229
"931",6038520,200,0
"932",6053700,450,0
"933",6059968,80,0
"934",6065674,406.868613138686,30
"935",6066455,879.105740181269,1100
"936",6075932,195.076696165192,6
"937",6080461,172.279635258359,125
"938",6088708,129.661016949153,40
"939",6089196,200,0
"940",6089865,146.452702702703,125
"941",6089975,269,0
"942",6104388,182.857142857143,20
"943",6106955,277.591549295775,214
"944",6118583,170,60
"945",6121709,146.655172413793,36
"946",6131224,220.062015503876,140
"947",6134145,456.822641509434,1262
"948",6134867,319.758169934641,793
"949",6142396,57.4935483870968,11
"950",6151079,118.708860759494,50
"951",6160803,230.501618122977,20
"952",6167184,204.654867256637,299
"953",6181230,251.735294117647,30
"954",6181758,451.35960591133,924
"955",6213822,395.385474860335,720
"956",6214710,156.28813559322,40
"957",6227976,104.666666666667,20
"958",6238463,129,0
"959",6240901,94.0228758169935,15
"960",6248970,65,0
"961",6261296,89.3841642228739,157
"962",6268082,180.428571428571,2
"963",6268395,358.865168539326,263
"964",6268805,280.217391304348,100
"965",6292261,143.147692307692,68
"966",6296656,312.91369047619,217
"967",6300089,237.709198813056,75
"968",6310903,350,0
"969",6314998,72.2325581395349,14
"970",6316145,188.421052631579,60
"971",6317304,230.112781954887,633
"972",6317446,308.501510574018,200
"973",6317722,297.495468277946,203
"974",6322283,69,0
"975",6323935,281.330769230769,833
"976",6324649,101.99674267101,11
"977",6326257,671.582352941177,705
"978",6337106,107.5,20
"979",6343532,410.094043887147,381
"980",6347026,155,0
"981",6356533,401.769230769231,170
"982",6364042,65.0906344410876,10
"983",6377998,479.449541284404,30
"984",6378076,180,0
"985",6390634,64,0
"986",6401859,84,0
"987",6409811,185.35446685879,50
"988",6410674,168.805970149254,80
"989",6425318,60,0
"990",6426364,199.38080495356,175
"991",6432655,156.073529411765,21
"992",6436334,150,0
"993",6444138,512.837209302326,220
"994",6444148,174.745033112583,155
"995",6444303,163.857142857143,33
"996",6445917,220,0
"997",6452246,170.333333333333,20
"998",6453686,142.82722513089,10
"999",6465075,383.86013986014,10
"1000",6489209,75,0
"1001",6500646,90.7,25
"1002",6513924,55,0
"1003",6523777,73.231884057971,230
"1004",6543678,152.083333333333,50
"1005",6544642,175,0
"1006",6544715,695.982142857143,350
"1007",6552654,286.679245283019,925
"1008",6554785,148.666666666667,45
"1009",6565713,250,0
"1010",6568621,404.671641791045,160
"1011",6574771,50.5,7
"1012",6575654,110,0
"1013",6576530,415.826330532213,100
"1014",6596242,185,0
"1015",6602167,168,0
"1016",6602217,130,0
"1017",6609546,151.636904761905,25
"1018",6614984,129,0
"1019",6626933,75,0
"1020",6627469,202.906976744186,100
"1021",6629066,643.80664652568,600
"1022",6629929,118.537234042553,45
"1023",6640662,1000,0
"1024",6644330,120,0
"1025",6645010,55,0
"1026",6646604,137.132352941176,200
"1027",6655012,65,0
"1028",6676364,84,0
"1029",6677469,297.274368231047,200
"1030",6677640,200,0
"1031",6684904,470.428571428571,100
"1032",6685682,419.258258258258,1368
"1033",6686224,130.353535353535,30
"1034",6690605,200,0
"1035",6705513,96,0
"1036",6706463,65,0
"1037",6709682,65,0
"1038",6728273,145,0
"1039",6730758,103.913043478261,30
"1040",6741968,205.93470790378,35
"1041",6742905,123.428571428571,61
"1042",6744795,318.451923076923,275
"1043",6758443,150,0
"1044",6758462,137,0
"1045",6758482,150,0
"1046",6759004,150,0
"1047",6759439,147,0
"1048",6762011,150,0
"1049",6763409,150,0
"1050",6763785,117.562248995984,16
"1051",6764572,99,0
"1052",6780300,65,0
"1053",6780313,65,0
"1054",6790961,390.122905027933,206
"1055",6793913,394.225961538462,206
"1056",6793945,248.915094339623,30
"1057",6796364,139,0
"1058",6798777,280,0
"1059",6801288,65,0
"1060",6810723,137,0
"1061",6823017,72.6067073170732,45
"1062",6834270,100,0
"1063",6838488,951.120448179272,2545
"1064",6843850,500,0
"1065",6844012,647.735042735043,229
"1066",6850880,137,0
"1067",6851459,150,0
"1068",6870366,84,0
"1069",6870485,65,0
"1070",6879036,150,0
"1071",6881541,202.447368421053,71
"1072",6882615,160,0
"1073",6886946,225,0
"1074",6887053,190,0
"1075",6887926,71.1616766467066,11
"1076",6895050,278.125,75
"1077",6908525,160,0
"1078",6911945,220,0
"1079",6914622,300,0
"1080",6923446,175,0
"1081",6924700,459.636363636364,546
"1082",6936712,175,0
"1083",6939162,130,0
"1084",6939454,179,0
"1085",6951829,394.225961538462,206
"1086",6954861,110,0
"1087",6965516,77.9444444444444,20
"1088",6972426,575,0
"1089",6976414,89.0075757575758,42
"1090",6983246,200.245614035088,22
"1091",6990023,91.5803278688525,25
"1092",6990904,78.0128205128205,17
"1093",7003280,262.890282131661,837
"1094",7006683,80,0
"1095",7007801,136.357142857143,18
"1096",7008455,100,0
"1097",7033732,100.481481481481,6
"1098",7035556,158.898305084746,25
"1099",7053454,200,0
"1100",7054058,175,0
"1101",7071883,197.558139534884,55
"1102",7086825,49,0
"1103",7093109,199.008498583569,100
"1104",7095658,199,0
"1105",7109689,600,0
"1106",7113260,85.7051282051282,20
"1107",7114655,300,0
"1108",7134081,698.302670623145,684
"1109",7161203,35,0
"1110",7178893,144.727272727273,54
"1111",7181950,303.267692307692,852
"1112",7185881,41.4314868804665,16
"1113",7194793,142.227272727273,39
"1114",7205210,123.754098360656,245
"1115",7211531,82.4496644295302,23
"1116",7214920,250,0
"1117",7219056,366.209302325581,200
"1118",7220216,466.209302325581,200
"1119",7222349,140,0
"1120",7239024,110.831360946746,20
"1121",7240775,329,0
"1122",7246272,106.942028985507,47
"1123",7252607,49,0
"1124",7264674,214.239482200647,50
"1125",7273513,139,0
"1126",7277653,72.463768115942,10
"1127",7281884,107.179487179487,10
"1128",7287822,130.426356589147,36
"1129",7292184,65.8823529411765,20
"1130",7293671,90,0
"1131",7310887,283.352159468439,174
"1132",7321217,214.239482200647,50
"1133",7325063,394.514285714286,437
"1134",7330494,164.44701986755,65
"1135",7342489,225,0
"1136",7358714,252.846153846154,120
"1137",7367795,150,0
"1138",7368611,343.77399380805,460
"1139",7377034,313.631578947368,401
"1140",7389719,33.8703703703704,6
"1141",7403927,125,0
"1142",7420789,58.0232558139535,9
"1143",7434871,136.111111111111,95
"1144",7441144,54.21875,15
"1145",7449448,41.0317002881844,15
"1146",7454966,71.8969359331476,10
"1147",7456890,229,0
"1148",7462268,77.8275862068966,10
"1149",7472068,295.361516034985,124
"1150",7474044,148,0
"1151",7474615,148,0
"1152",7474855,150,0
"1153",7475215,150,0
"1154",7475379,150,0
"1155",7475557,404.261980830671,900
"1156",7476340,137,0
"1157",7476671,65,0
"1158",7479725,44.5,15
"1159",7482195,49,0
"1160",7482338,84.7174721189591,35
"1161",7495866,136,0
"1162",7497047,40,0
"1163",7499960,300,15
"1164",7508865,280.59217877095,229
"1165",7509273,79.4769230769231,71
"1166",7511737,150.12037037037,13
"1167",7511838,89.0645161290323,14
"1168",7513605,155,0
"1169",7513906,137,0
"1170",7514024,150,0
"1171",7514336,155,0
"1172",7527149,627.291021671827,540
"1173",7527677,98,0
"1174",7527864,159.44,10
"1175",7531700,157,0
"1176",7540480,294.943786982249,393
"1177",7553969,140,0
"1178",7554801,45.2857142857143,3
"1179",7573274,467.27380952381,264
"1180",7575052,200,0
"1181",7575576,140,0
"1182",7596262,288.022346368715,194
"1183",7611271,641.918079096045,1912
"1184",7614517,187.755102040816,50
"1185",7618925,601.891891891892,70
"1186",7630340,157.262839879154,151
"1187",7630346,126.754045307443,191
"1188",7633883,1004.15053763441,2939
"1189",7634067,75,0
"1190",7634365,337.75,20
"1191",7635616,155,0
"1192",7645862,249.39755351682,80
"1193",7649517,270.071428571429,120
"1194",7650016,143.191335740072,80
"1195",7651065,79,0
"1196",7692933,59,0
"1197",7693009,49.0058309037901,1
"1198",7693354,81.3311897106109,7
"1199",7694365,152,0
"1200",7694559,150,0
"1201",7708436,81.219512195122,5
"1202",7713728,271.507352941176,25
"1203",7713815,137,0
"1204",7714627,230.747663551402,220
"1205",7721323,120,0
"1206",7723492,76.3251533742331,29
"1207",7725279,66.7829181494662,118
"1208",7728499,160,0
"1209",7728508,324.824175824176,460
"1210",7731797,278.142857142857,290
"1211",7735518,197.670520231214,30
"1212",7740436,175,0
"1213",7741566,85.134328358209,71
"1214",7743569,71.1724137931034,32
"1215",7745117,275,0
"1216",7746589,217.64156626506,680
"1217",7755144,232.225433526012,50
"1218",7783953,128,0
"1219",7784616,50,0
"1220",7789055,279.846846846847,90
"1221",7789429,229.21568627451,15
"1222",7790454,186.714285714286,13
"1223",7797744,47.8440366972477,10
"1224",7804358,264.769230769231,275
"1225",7805515,111.534351145038,43
"1226",7823025,68.8389261744966,20
"1227",7825327,350,0
"1228",7832890,155,0
"1229",7836038,105.612903225806,20
"1230",7837202,150,0
"1231",7840752,125,0
"1232",7840797,466.93567251462,829
"1233",7842550,64.2924528301887,5
"1234",7853079,574.685534591195,1854
"1235",7853971,218.136363636364,680
"1236",7854872,145,0
"1237",7855120,217.948012232416,680
"1238",7855702,406.91061452514,195
"1239",7856323,305.991150442478,420
"1240",7857318,413.29387755102,601
"1241",7860369,214.297520661157,15
"1242",7868931,319.189944134078,275
"1243",7869167,418.887878787879,337
"1244",7869497,436.094545454545,337
"1245",7874552,196.936599423631,320
"1246",7880828,79.2896935933148,16
"1247",7881551,206.96178343949,225
"1248",7894645,39.985835694051,1
"1249",7900936,80,0
"1250",7901248,225,0
"1251",7910223,182.620853080569,75
"1252",7911936,155,0
"1253",7914359,394.747540983607,1012
"1254",7916575,150,0
"1255",7918592,110,0
"1256",7919500,313.333333333333,110
"1257",7920541,272.846153846154,110
"1258",7921131,268.52380952381,70
"1259",7921649,89.2040816326531,93
"1260",7927765,113.558823529412,30
"1261",7929879,184.962643678161,301
"1262",7931331,424.840707964602,690
"1263",7933149,185.022988505747,301
"1264",7954808,412.333333333333,130
"1265",7956634,61,0
"1266",7961477,245,0
"1267",7965521,224.090909090909,35
"1268",7984949,89.4492753623188,4
"1269",7988755,109.771812080537,20
"1270",7996844,199.467065868263,320
"1271",8006992,210,0
"1272",8014383,214.493670886076,40
"1273",8025718,155,0
"1274",8036024,204.420289855072,139
"1275",8052617,253.476923076923,90
"1276",8063815,272.443113772455,195
"1277",8063870,253.594594594595,200
"1278",8064980,70,0
"1279",8065282,150.273291925466,127
"1280",8067585,83.2,5
"1281",8081935,280.59217877095,229
"1282",8082512,137,0
"1283",8085906,280.59217877095,229
"1284",8088370,63.3768115942029,11
"1285",8090623,198.240793201133,49
"1286",8096900,158.660714285714,35
"1287",8097453,280.59217877095,229
"1288",8097903,329,0
"1289",8099266,280.59217877095,229
"1290",8116523,186.3,75
"1291",8118718,85,0
"1292",8131907,125,0
"1293",8133752,75,0
"1294",8141545,283.980769230769,229
"1295",8145397,280.268156424581,246
"1296",8146576,388.342857142857,206
"1297",8153848,148.022662889518,168
"1298",8162168,389.882681564246,226
"1299",8163273,353.936,138
"1300",8164146,390.122905027933,206
"1301",8164953,394.225961538462,206
"1302",8165898,390.122905027933,206
"1303",8166076,247.590361445783,50
"1304",8168982,390.122905027933,206
"1305",8170181,205.677655677656,25
"1306",8172380,170.567164179104,167
"1307",8184007,389.988826815642,206
"1308",8184662,319.189944134078,275
"1309",8187052,390.122905027933,206
"1310",8187595,390.122905027933,206
"1311",8191517,154.442896935933,10
"1312",8191739,145,0
"1313",8193344,113.215339233038,55
"1314",8200839,107.220338983051,45
"1315",8201104,317.147239263804,51
"1316",8206536,150,0
"1317",8211468,139,0
"1318",8224214,181.313253012048,146
"1319",8227206,329.63768115942,70
"1320",8228903,169.134502923977,170
"1321",8231382,109.588235294118,30
"1322",8238311,168.204545454545,169
"1323",8238404,156.117647058824,156
"1324",8252058,80,0
"1325",8265182,63.5100864553314,57
"1326",8271384,229.965517241379,439
"1327",8274008,88.7432024169184,51
"1328",8283433,263.076923076923,60
"1329",8291550,150,0
"1330",8301926,129,0
"1331",8302844,124.25,20
"1332",8303267,1724.62462462462,700
"1333",8309711,274.967637540453,5
"1334",8310807,169.87106017192,167
"1335",8316068,107.272727272727,45
"1336",8325030,390.122905027933,206
"1337",8325366,387.145348837209,206
"1338",8325477,275,0
"1339",8325544,390.122905027933,206
"1340",8326439,48,0
"1341",8327907,415.880733944954,100
"1342",8334845,390.122905027933,206
"1343",8335652,390.122905027933,206
"1344",8335838,390.122905027933,206
"1345",8336347,390.122905027933,206
"1346",8337048,52.5,15
"1347",8340072,215,0
"1348",8340599,200,0
"1349",8351880,138.376811594203,63
"1350",8354938,202.779661016949,161
"1351",8366402,182.105263157895,20
"1352",8371115,218,55
"1353",8373729,70.6573033707865,16
"1354",8378257,85,0
"1355",8384444,161.315789473684,50
"1356",8388481,86.1475409836066,90
"1357",8390386,109.5,1
"1358",8400275,109.179577464789,41
"1359",8402408,96.0392857142857,16
"1360",8403945,137,0
"1361",8417742,115.651162790698,93
"1362",8420883,75,0
"1363",8420956,348.764705882353,66
"1364",8422876,151.772585669782,70
"1365",8428314,244.311475409836,100
"1366",8439372,295,0
"1367",8439661,355.326470588235,945
"1368",8441187,104.983050847458,36
"1369",8442314,91.8571428571429,10
"1370",8442940,150.428571428571,10
"1371",8450098,174.708454810496,50
"1372",8454985,232.8125,25
"1373",8458210,400.136627906977,1154
"1374",8460627,100,0
"1375",8461819,70,0
"1376",8469464,59,0
"1377",8469735,50,0
"1378",8471852,123.856088560886,130
"1379",8473851,50,0
"1380",8480507,250,0
"1381",8482847,75,0
"1382",8490356,75.0343839541547,3
"1383",8514932,115,0
"1384",8515356,91.7586206896552,10
"1385",8518237,247.829787234043,52
"1386",8518665,202.846153846154,60
"1387",8521792,116.758620689655,20
"1388",8523157,84.437984496124,17
"1389",8536113,300,0
"1390",8536127,225,0
"1391",8539551,81.8571428571429,10
"1392",8548176,151.703703703704,175
"1393",8552338,50,0
"1394",8556025,214.62783171521,51
"1395",8563141,230.496062992126,12
"1396",8566407,115,10
"1397",8575476,222.62331838565,100
"1398",8579799,175.631313131313,20
"1399",8584276,206.519553072626,56
"1400",8587030,150,0
"1401",8595650,227.184466019417,125
"1402",8596320,128.9,60
"1403",8614167,273.68,63
"1404",8624898,166.558139534884,75
"1405",8634599,182.766016713092,16
"1406",8645254,45,0
"1407",8649257,208.887640449438,330
"1408",8662258,89.296178343949,27
"1409",8663351,187.777777777778,5
"1410",8670336,228.727272727273,75
"1411",8680170,261.153846153846,145
"1412",8686165,272.555555555556,160
"1413",8700820,52.4285714285714,5
"1414",8703026,35,0
"1415",8704161,500,0
"1416",8704828,75,0
"1417",8716849,100,0
"1418",8717204,180.952941176471,100
"1419",8720718,96.2987012987013,50
"1420",8732121,155,0
"1421",8734707,89.969696969697,45
"1422",8735827,81.3095238095238,30
"1423",8737466,169,0
"1424",8751275,63.3491124260355,15
"1425",8753559,58.5671641791045,29
"1426",8753913,245.544554455446,20
"1427",8757949,65.876404494382,3
"1428",8758450,85,0
"1429",8780440,112.33024691358,65
"1430",8782592,337.777777777778,75
"1431",8789821,94.9882352941176,81
"1432",8799256,245,0
"1433",8801250,57.4897360703812,4
"1434",8813451,439.428977272727,793
"1435",8814039,439.72,814
"1436",8814105,443.194285714286,801
"1437",8814215,442.411111111111,815
"1438",8814479,356.922005571031,657
"1439",8814532,357.213296398892,650
"1440",8815257,177,0
"1441",8815738,300,0
"1442",8822499,200,0
"1443",8828147,138.867768595041,223
"1444",8830015,340.269349845201,291
"1445",8846202,188.555555555556,55
"1446",8846849,70,0
"1447",8859689,215.127329192547,328
"1448",8861069,128.333333333333,20
"1449",8882195,209.900900900901,280
"1450",8886703,53.2138728323699,6
"1451",8899828,83.5454545454545,16
"1452",8902304,400.739130434783,180
"1453",8904297,115,0
"1454",8904546,95,0
"1455",8921130,129,0
"1456",8923817,167.119565217391,13
"1457",8930592,293.313253012048,574
"1458",8934599,262.86875,115
"1459",8947232,60,0
"1460",8962914,50,0
"1461",8970393,275.588235294118,25
"1462",8970779,95,0
"1463",8981656,87.5603715170279,74
"1464",8982616,79.0307692307692,60
"1465",8983081,500,0
"1466",8987722,270.5,105
"1467",8988506,276.282352941176,316
"1468",9013631,261.502941176471,169
"1469",9040476,418.06976744186,170
"1470",9041513,254.067567567568,200
"1471",9057435,304.931034482759,60
"1472",9107357,277.25641025641,195
"1473",9109401,348.858520900322,95
"1474",9111413,240.829192546584,13
"1475",9114896,150.268456375839,69
"1476",9117009,120,0
"1477",9127677,200,0
"1478",9133627,150,0
"1479",9144588,187.4453125,45
"1480",9145242,89.2326869806094,6
"1481",9180947,174.078947368421,65
"1482",9207914,203.175824175824,217
"1483",9208166,317.678832116788,214
"1484",9212213,66.3709677419355,85
"1485",9218312,99.9532710280374,30
"1486",9218362,211.116104868914,118
"1487",9228519,169.725806451613,60
"1488",9231486,649.16081871345,601
"1489",9232355,125.435435435435,211
"1490",9235198,135,0
"1491",9237653,212.854961832061,144
"1492",9239190,55.8522727272727,4
"1493",9248612,350,0
"1494",9250014,84.4545454545455,20
"1495",9252183,160,0
"1496",9255725,73.6666666666667,21
"1497",9256035,70.4113475177305,40
"1498",9259184,396.88064516129,1140
"1499",9273395,309.596214511041,958
"1500",9273978,277.270588235294,800
"1501",9274587,303.444089456869,934
"1502",9279773,80,30
"1503",9292118,130.6,20
"1504",9299923,259,0
"1505",9301075,60,0
"1506",9329398,209.090909090909,100
"1507",9340410,96.1666666666667,9
"1508",9343915,185.027027027027,344
"1509",9346513,449.33893557423,827
"1510",9362821,83,0
"1511",9364092,158,0
"1512",9373802,213.019230769231,53
"1513",9382898,41.7096774193548,65
"1514",9383459,40.925,6
"1515",9414403,107.638888888889,95
"1516",9415712,60.6035714285714,7
"1517",9425087,365,0
"1518",9448243,287.32,14
"1519",9452993,65.4390243902439,2
"1520",9459945,55.0229508196721,1
"1521",9460898,218.049230769231,680
"1522",9463444,115.468085106383,16
"1523",9474436,230.933333333333,10
"1524",9485607,207.51724137931,220
"1525",9487079,98.9411764705882,12
"1526",9493951,70.7032640949555,9
"1527",9494212,59.4252873563218,13
"1528",9494511,59.0057306590258,1
"1529",9496325,145,0
"1530",9496337,59.1212121212121,20
"1531",9504314,300,0
"1532",9507164,190.034482758621,301
"1533",9508099,185.031791907514,301
"1534",9530285,300,0
"1535",9541295,289,0
"1536",9549850,84.7282608695652,25
"1537",9570618,120,0
"1538",9575439,98.5230769230769,16
"1539",9577988,99,0
"1540",9590679,65,0
"1541",9607385,50,0
"1542",9610609,179.289940828402,77
"1543",9611852,196.571428571429,18
"1544",9626428,300,0
"1545",9626892,71.8769716088328,7
"1546",9663423,115,0
"1547",9676551,76.9140127388535,24
"1548",9677354,70,0
"1549",9680953,135,0
"1550",9685076,35,0
"1551",9685085,38,0
"1552",9685102,66.3914373088685,5
"1553",9694218,100.202643171806,6
"1554",9698226,118.663793103448,20
"1555",9709597,400,0
"1556",9711934,77,0
"1557",9723217,45,0
"1558",9725178,157.581967213115,75
"1559",9727523,60,0
"1560",9728602,268.946428571429,33
"1561",9731479,288.75,220
"1562",9750460,292.857142857143,75
"1563",9770477,122.783783783784,60
"1564",9791506,129,0
"1565",9807292,336,130
"1566",9809914,212.510638297872,70
"1567",9813223,71.0578512396694,20
"1568",9824155,54.1851851851852,21
"1569",9825415,135,0
"1570",9833460,250,0
"1571",9834617,45,0
"1572",9834727,155.813953488372,25
"1573",9841140,404.540816326531,200
"1574",9844242,104.652173913043,76
"1575",9855805,244.986842105263,320
"1576",9857049,197.232258064516,394
"1577",9858437,145,0
"1578",9862792,540.516339869281,197
"1579",9894686,50,0
"1580",9896359,195,0
"1581",9896713,101.113793103448,38
"1582",9897713,105,0
"1583",9900315,164.117647058824,20
"1584",9905304,364.607669616519,129
"1585",9906565,225,0
"1586",9918240,170,0
"1587",9918713,429.307262569832,275
"1588",9920084,430.262569832402,275
"1589",9921925,338.458823529412,332
"1590",9922595,338.548571428571,332
"1591",9926208,99,0
"1592",9933886,77.3706896551724,25
"1593",9958026,80,0
"1594",9961767,149,86
"1595",9971054,50,0
"1596",9974833,217,290
"1597",9991857,428.183908045977,275
"1598",9992143,428.443181818182,275
"1599",9992532,430.262569832402,275
"1600",9992751,430.262569832402,275
"1601",9993602,315.983240223464,274
"1602",9993826,315.983240223464,274
"1603",9998187,99,0
"1604",10004575,326.666666666667,300
"1605",10021398,70,0
"1606",10032327,222.933333333333,70
"1607",10033322,309.072625698324,194
"1608",10033710,309.072625698324,194
"1609",10033715,422.162393162393,220
"1610",10034113,405.715083798883,206
"1611",10034592,68.6204986149584,45
"1612",10034614,405.715083798883,206
"1613",10034930,420.327433628319,220
"1614",10035581,422.162393162393,220
"1615",10036037,416.264957264957,180
"1616",10037387,264.294117647059,320
"1617",10048789,422.675213675214,220
"1618",10050351,469.545454545455,347
"1619",10051003,65,0
"1620",10051357,495.581196581197,330
"1621",10051623,479,280
"1622",10051842,648.548387096774,229
"1623",10052037,553.709401709402,229
"1624",10052445,524.585585585586,380
"1625",10052622,551.982905982906,324
"1626",10052824,618.62962962963,280
"1627",10052920,528.145299145299,270
"1628",10053032,525.283185840708,270
"1629",10053235,331.991452991453,270
"1630",10053454,553.709401709402,229
"1631",10053549,553.709401709402,229
"1632",10053928,553.709401709402,229
"1633",10054046,323.122807017544,270
"1634",10056496,250,0
"1635",10068240,65.3239436619718,10
"1636",10070404,228.115853658537,325
"1637",10074653,75,0
"1638",10083878,191.825,90
"1639",10084216,207.933333333333,60
"1640",10103725,185.285714285714,24
"1641",10106081,181.305555555556,25
"1642",10113230,123,0
"1643",10116095,116.116809116809,4
"1644",10116429,338.173410404624,332
"1645",10116601,337.312138728324,332
"1646",10116726,338.173410404624,332
"1647",10116914,337.686046511628,332
"1648",10117122,454.005714285714,332
"1649",10117329,453.558659217877,332
"1650",10117472,454.005714285714,332
"1651",10117803,453.558659217877,332
"1652",10118091,287.84,194
"1653",10118379,287.84,194
"1654",10118573,284.290502793296,293
"1655",10118716,406.91061452514,195
"1656",10118946,406.91061452514,195
"1657",10119075,406.91061452514,195
"1658",10119193,406.91061452514,195
"1659",10119327,406.91061452514,195
"1660",10131503,431.670391061453,274
"1661",10132073,154.228486646884,15
"1662",10136854,553.709401709402,229
"1663",10138792,129,0
"1664",10138904,325.126984126984,400
"1665",10148425,185.780669144981,10
"1666",10149314,362.583815028902,263
"1667",10152056,288.022346368715,194
"1668",10153536,553.709401709402,229
"1669",10153739,553.709401709402,229
"1670",10164759,185.272988505747,194
"1671",10164810,183.994350282486,344
"1672",10175033,200,0
"1673",10185646,179,0
"1674",10190260,74.0952380952381,20
"1675",10211649,128.478260869565,30
"1676",10227043,350.22491349481,175
"1677",10228228,280.59217877095,229
"1678",10228457,221.176470588235,50
"1679",10228764,553.709401709402,229
"1680",10229333,280.59217877095,229
"1681",10231171,72.8676470588235,10
"1682",10233104,97.1621621621622,60
"1683",10234895,57.8398791540786,10
"1684",10249798,68,0
"1685",10253591,116.453731343284,13
"1686",10253899,275,0
"1687",10261620,309.072625698324,194
"1688",10262069,405.715083798883,206
"1689",10264774,246.222222222222,330
"1690",10266397,180.618090452261,194
"1691",10266928,182.420765027322,194
"1692",10268223,60,0
"1693",10279083,80,0
"1694",10293480,292.166666666667,40
"1695",10295349,72.875,20
"1696",10299047,180.124183006536,100
"1697",10311094,378.459459459459,420
"1698",10328539,78.3544303797468,60
"1699",10333345,80.0261627906977,5
"1700",10353263,60,0
"1701",10356880,86.1940789473684,10
"1702",10379031,312.515151515152,41
"1703",10381729,44,0
"1704",10391455,66.8292682926829,15
"1705",10411383,260.652920962199,100
"1706",10426124,98.7230769230769,41
"1707",10427199,140.946308724832,290
"1708",10427882,182.635467980296,344
"1709",10434883,161.774193548387,190
"1710",10454061,145.080691642651,150
"1711",10470115,206.670588235294,214
"1712",10475848,388.16265060241,105
"1713",10494550,74.511811023622,20
"1714",10524612,240.698412698413,395
"1715",10537553,40,0
"1716",10542140,356.407114624506,101
"1717",10552237,150,0
"1718",10552485,260,0
"1719",10559976,57.8484848484849,10
"1720",10569282,312.557142857143,400
"1721",10594800,50,0
"1722",10607657,156.28818443804,13
"1723",10610205,76,0
"1724",10611728,333.067039106145,195
"1725",10627514,70,0
"1726",10634364,154.537190082645,20
"1727",10653150,222.37323943662,325
"1728",10656206,276.636887608069,250
"1729",10671192,179.166666666667,15
"1730",10701625,213.336134453782,189
"1731",10705351,133.333333333333,25
"1732",10706413,80,0
"1733",10734159,188,0
"1734",10747524,79,0
"1735",10749312,199,0
"1736",10749794,193.097902097902,287
"1737",10764250,101.307692307692,26
"1738",10787333,145.004694835681,191
"1739",10835494,177.24126984127,10
"1740",10836881,80,0
"1741",10850420,190,0
"1742",10857914,653.265306122449,100
"1743",10859498,304.320334261838,320
"1744",10881600,201.873900293255,10
"1745",10881994,249.812865497076,100
"1746",10882267,1250,0
"1747",10883063,97.3076923076923,15
"1748",10945407,200.368421052632,77
"1749",10945558,300.5,330
"1750",10945774,151.307692307692,170
"1751",10949319,50,0
"1752",10964552,45,0
"1753",10987109,108,0
"1754",10995355,169.444444444444,20
"1755",10995976,77,0
"1756",10997047,164.658461538462,58
"1757",11008495,167.65034965035,103
"1758",11016623,115.159090909091,24
"1759",11021254,57.8977272727273,10
"1760",11035223,103,0
"1761",11041684,149.09972299169,290
"1762",11060140,168.335180055402,290
"1763",11067772,93.641975308642,44
"1764",11082235,483.128378378378,100
"1765",11087657,221.333333333333,100
"1766",11120777,349.919254658385,163
"1767",11121872,177.029702970297,70
"1768",11122394,529.781879194631,525
"1769",11126122,302.758620689655,50
"1770",11147761,194,0
"1771",11169560,131.333333333333,40
"1772",11201204,167.939393939394,50
"1773",11202183,218.932203389831,201
"1774",11211273,227.613372093023,401
"1775",11219568,349,0
"1776",11223924,313.780564263323,873
"1777",11255643,72.4113924050633,8
"1778",11258721,35.2159468438538,10
"1779",11275661,312.333333333333,270
"1780",11275963,130,0
"1781",11276570,413.255319148936,270
"1782",11295065,180,0
"1783",11300899,107.022471910112,25
"1784",11306586,153.345637583893,151
"1785",11333422,96.2279635258359,9
"1786",11334091,75,0
"1787",11343048,100.13056379822,65
"1788",11343485,159,0
"1789",11371205,417.683284457478,1270
"1790",11376403,34.3552631578947,7
"1791",11389072,119,0
"1792",11397511,180,0
"1793",11397952,64,0
"1794",11398458,350,0
"1795",11398953,268.046153846154,430
"1796",11410652,200,0
"1797",11418599,70,0
"1798",11431331,285.708860759494,20
"1799",11441717,45,0
"1800",11452297,199,0
"1801",11454147,211.426666666667,4
"1802",11454728,249,0
"1803",11455804,203.104347826087,8
"1804",11462476,227.051948051948,225
"1805",11474006,99.1142857142857,4
"1806",11474130,100,0
"1807",11474629,138.915492957746,139
"1808",11492423,100,0
"1809",11494020,93.1485148514851,36
"1810",11498416,97.2463768115942,60
"1811",11498523,97.3134328358209,60
"1812",11498583,93.4246575342466,60
"1813",11514237,136.227138643068,50
"1814",11521541,680,0
"1815",11530331,182.857142857143,10
"1816",11563716,578.722222222222,230
"1817",11569331,120,0
"1818",11579622,85,0
"1819",11583581,72.8352490421456,10
"1820",11584799,79.3225806451613,11
"1821",11588543,272.320261437908,146
"1822",11589644,309.609756097561,460
"1823",11590000,310.529411764706,420
"1824",11590512,220.428571428571,90
"1825",11593592,95,0
"1826",11618815,99.02,6
"1827",11626869,58,0
"1828",11634778,199.489795918367,1
"1829",11639480,49,0
"1830",11648688,268.568245125348,274
"1831",11649321,268.308333333333,274
"1832",11653496,336.25,20
"1833",11656698,152.300675675676,149
"1834",11662212,62.6604651162791,18
"1835",11686744,258.655172413793,190
"1836",11687031,292.793103448276,100
"1837",11687122,294.625,140
"1838",11695285,215.511363636364,35
"1839",11701611,210,0
"1840",11710680,251.692307692308,90
"1841",11714059,99,0
"1842",11734812,505.861313868613,270
"1843",11735784,502.602941176471,270
"1844",11739985,193.598240469208,57
"1845",11740527,131.125,10
"1846",11757166,74.6949152542373,20
"1847",11757376,101.809364548495,10
"1848",11758169,315.048231511254,250
"1849",11759332,62.2058823529412,10
"1850",11760822,141.981481481481,60
"1851",11767622,120.078947368421,36
"1852",11771810,250,0
"1853",11787441,407.083333333333,25
"1854",11788394,228.051948051948,20
"1855",11837857,250,0
"1856",11841986,334.822784810127,520
"1857",11842312,318.9,450
"1858",11853416,189.214285714286,36
"1859",11861063,72.4416666666667,7
"1860",11863590,265.676966292135,274
"1861",11866651,606.135338345865,2775
"1862",11873789,283.028985507246,25
"1863",11885148,254.697368421053,120
"1864",11890768,131.197674418605,36
"1865",11896394,105,0
"1866",11902134,300,0
"1867",11905849,207,0
"1868",11907764,93.9515151515152,20
"1869",11912139,60.0344827586207,5
"1870",11922134,165,0
"1871",11924459,117.634854771784,25
"1872",11946029,100,0
"1873",11963384,396.844827586207,356
"1874",11964926,57.8972809667674,8
"1875",11966297,178.571428571429,50
"1876",11968079,339.602272727273,332
"1877",11970702,700,0
"1878",11980767,160,0
"1879",11981674,453.558659217877,332
"1880",11982313,454.005714285714,332
"1881",11983286,57.4961832061069,749
"1882",11983535,452.136363636364,332
"1883",11985521,360.090909090909,263
"1884",11986653,47.2535211267606,10
"1885",11987762,470.022727272727,264
"1886",11992431,71.4,5
"1887",12020004,142.483870967742,48
"1888",12020829,295.536585365854,90
"1889",12022134,66.5766871165644,9
"1890",12023024,54.3119533527697,20
"1891",12033661,70,0
"1892",12049787,170.21935483871,17
"1893",12051674,146.492753623188,156
"1894",12052288,131.25,35
"1895",12052292,44,0
"1896",12052820,129.920227920228,25
"1897",12067685,126.081081081081,10
"1898",12069214,220.776699029126,30
"1899",12071820,70.0175438596491,1
"1900",12074204,27,0
"1901",12081834,175.694915254237,24
"1902",12087989,220.673076923077,30
"1903",12088322,406.817142857143,195
"1904",12089399,319.189944134078,275
"1905",12092499,314.517543859649,960
"1906",12094488,324,140
"1907",12102482,319.189944134078,275
"1908",12103501,34,0
"1909",12109171,175,0
"1910",12125635,79.8160535117057,1
"1911",12126299,275,0
"1912",12130434,355.963788300836,50
"1913",12143408,221.207430340557,130
"1914",12154934,185.685314685315,60
"1915",12175961,35,0
"1916",12183851,70,0
"1917",12190053,211.607142857143,75
"1918",12191871,100.675675675676,35
"1919",12210223,220,0
"1920",12211821,158.136222910217,11
"1921",12221012,401.869158878505,100
"1922",12233043,97.7922077922078,60
"1923",12233225,97.4626865671642,60
"1924",12233285,96.25,60
"1925",12233830,188.435483870968,95
"1926",12246137,280.59217877095,229
"1927",12247217,390.122905027933,206
"1928",12253029,125,0
"1929",12253499,95.1044776119403,2
"1930",12263690,425,275
"1931",12265433,400,0
"1932",12269155,207.142857142857,25
"1933",12274601,65,0
"1934",12284774,286.543689320388,195
"1935",12286410,284.80625,89
"1936",12287687,461.692737430168,412
"1937",12287958,215,0
"1938",12290886,215,0
"1939",12291029,200,0
"1940",12301081,333.067039106145,195
"1941",12302222,439.849162011173,206
"1942",12303347,333.388571428571,195
"1943",12304165,96.1052631578947,210
"1944",12308161,99.875,11
"1945",12308927,46.8863636363636,8
"1946",12309083,269.038869257951,225
"1947",12318093,195,0
"1948",12339410,100,0
"1949",12343588,202.097472924188,65
"1950",12351909,115.449275362319,20
"1951",12356183,333.067039106145,195
"1952",12356962,275,0
"1953",12357955,267.76213592233,149
"1954",12359031,382.653631284916,149
"1955",12363660,210.152542372881,15
"1956",12365454,291.766323024055,15
"1957",12368012,295,0
"1958",12368082,58.9354838709677,14
"1959",12372052,141.909090909091,66
"1960",12379725,238.611842105263,2
"1961",12383204,454.005714285714,332
"1962",12383703,451.325714285714,332
"1963",12384469,150,0
"1964",12386020,75,0
"1965",12390027,193.027777777778,30
"1966",12409042,92.8813559322034,67
"1967",12425501,321.081761006289,1300
"1968",12426977,120.89552238806,15
"1969",12428994,446.614457831325,332
"1970",12432535,200,0
"1971",12432623,85,0
"1972",12436115,136.997245179063,165
"1973",12446656,80.7822580645161,2
"1974",12463075,64,0
"1975",12492474,47.8502415458937,10
"1976",12504504,100,0
"1977",12508801,206.810035842294,50
"1978",12534735,100.557142857143,8
"1979",12535687,110,0
"1980",12540640,53.1521739130435,5
"1981",12541136,235.555555555556,20
"1982",12545716,237.157894736842,20
"1983",12560987,229.255591054313,380
"1984",12563549,414.772727272727,50
"1985",12566065,60,0
"1986",12580274,65,0
"1987",12585455,180.46875,25
"1988",12587887,331.978723404255,70
"1989",12592117,311.370919881306,1300
"1990",12593225,31,0
"1991",12593295,65,0
"1992",12593655,31,0
"1993",12593869,31,0
"1994",12603280,232,0
"1995",12604733,199,0
"1996",12618291,366.763005780347,500
"1997",12621291,224,15
"1998",12626504,206.595744680851,60
"1999",12630619,157.982456140351,35
"2000",12639344,223.074585635359,325
"2001",12646288,115,0
"2002",12647606,75,0
"2003",12648403,140.498360655738,35
"2004",12653367,200,0
"2005",12655758,65,0
"2006",12657537,139.975,20
"2007",12665563,175.625,35
"2008",12672097,383.68016194332,76
"2009",12683680,300.025787965616,9
"2010",12708781,244.247813411079,148
"2011",12726343,183.344827586207,10
"2012",12727401,50,0
"2013",12735111,55,0
"2014",12736032,11,0
"2015",12736777,150,0
"2016",12738816,196.009216589862,10
"2017",12739300,70,0
"2018",12752020,227.563025210084,100
"2019",12752442,123.644444444444,53
"2020",12756776,231.203910614525,67
"2021",12781774,99,0
"2022",12784064,219.435483870968,25
"2023",12789527,100,0
"2024",12797493,42.4551083591331,11
"2025",12803718,210.451505016722,55
"2026",12806707,60,0
"2027",12811191,70,0
"2028",12812461,225.952380952381,11
"2029",12815192,150,0
"2030",12826145,162.410179640719,26
"2031",12826881,78.3333333333333,5
"2032",12830117,245,0
"2033",12835086,118.950177935943,15
"2034",12843196,327.384615384615,300
"2035",12849003,84.0274509803922,5
"2036",12855343,47.4814814814815,10
"2037",12855396,52.9120234604106,15
"2038",12856007,55,0
"2039",12857811,64.3922651933702,15
"2040",12857981,64.3994413407821,15
"2041",12865092,100,0
"2042",12870514,249.089947089947,262
"2043",12873438,196.626811594203,59
"2044",12888054,282.564102564103,20
"2045",12890156,149,0
"2046",12891323,85,0
"2047",12897110,183.827586206897,42
"2048",12898806,220,0
"2049",12899026,232,0
"2050",12899321,242,0
"2051",12904318,55.85,3
"2052",12914154,157.800699300699,40
"2053",12916551,168.504132231405,80
"2054",12927298,285,0
"2055",12932001,300,0
"2056",12949309,361,0
"2057",12953937,252.540636042403,664
"2058",12957423,175.432989690722,71
"2059",12969783,315,0
"2060",12971329,57.8307692307692,10
"2061",12972378,4000,0
"2062",12973308,244.281045751634,300
"2063",12979965,129.854545454545,30
"2064",12984263,311.48275862069,270
"2065",12984748,368.324324324324,120
"2066",12986016,337.648648648649,70
"2067",12986892,351.837837837838,60
"2068",12987348,475.219424460432,1228
"2069",12994227,66.4285714285714,30
"2070",12998272,263.890909090909,86
"2071",13000520,80.8333333333333,25
"2072",13002808,74,0
"2073",13004551,529,0
"2074",13005579,373.423529411765,1176
"2075",13007124,122.652459016393,33
"2076",13007181,114.758064516129,15
"2077",13015353,350,0
"2078",13015653,39,0
"2079",13015767,65.0152905198777,17
"2080",13015832,255.983739837398,50
"2081",13015927,200.557046979866,8
"2082",13017162,199,0
"2083",13017460,232,0
"2084",13018428,315,0
"2085",13019695,187,0
"2086",13024385,380.688311688312,540
"2087",13027627,45,0
"2088",13028092,135.949019607843,40
"2089",13028247,78.3137254901961,24
"2090",13028899,65.8650306748466,3
"2091",13032590,193.826086956522,35
"2092",13037372,54.3372093023256,17
"2093",13041602,62,0
"2094",13041752,48,0
"2095",13044229,183.333333333333,100
"2096",13045194,342.906810035842,50
"2097",13046976,143.888888888889,10
"2098",13054720,135,0
"2099",13056513,137.992957746479,15
"2100",13060113,539.876404494382,142
"2101",13063952,55,0
"2102",13064781,200.009174311927,1
"2103",13077603,35,0
"2104",13078025,305.161290322581,175
"2105",13078068,159.21768707483,50
"2106",13078148,239,0
"2107",13078164,175,0
"2108",13079659,376.522935779817,560
"2109",13081090,397.157894736842,560
"2110",13083342,250,0
"2111",13100828,130,0
"2112",13107648,125.9375,30
"2113",13110084,205.459459459459,99
"2114",13110347,66.5151515151515,14
"2115",13110631,223.229559748428,270
"2116",13111691,149.035714285714,9
"2117",13113079,120.161764705882,11
"2118",13121821,201.697674418605,120
"2119",13126713,134.730027548209,20
"2120",13129109,162.536023054755,45
"2121",13138055,80.8389261744966,30
"2122",13140867,178.092783505155,25
"2123",13147585,57.9032258064516,10
"2124",13152370,245.117647058824,8
"2125",13168176,96,0
"2126",13190410,533.898305084746,651
"2127",13192046,248.285714285714,30
"2128",13216268,500,0
"2129",13218729,299,0
"2130",13221129,305.256983240223,270
"2131",13222465,95,0
"2132",13225005,178,0
"2133",13233001,150,0
"2134",13233250,199.721875,24
"2135",13236820,55.7391304347826,20
"2136",13236936,55,0
"2137",13239143,35,0
"2138",13242393,39,0
"2139",13251243,126.449275362319,45
"2140",13258244,35,0
"2141",13261681,66.3820895522388,19
"2142",13265095,200,0
"2143",13266133,83.4770642201835,6
"2144",13266176,59.8,22
"2145",13266833,99.9429657794677,24
"2146",13275308,450.12,1238
"2147",13275334,75,0
"2148",13275579,61.3746223564955,5
"2149",13281106,150,0
"2150",13294558,277.951219512195,116
"2151",13294824,109.954545454545,26
"2152",13295184,329.042553191489,201
"2153",13296735,95,0
"2154",13298108,180,0
"2155",13298137,33,0
"2156",13298546,209,0
"2157",13300621,280.3125,116
"2158",13306033,243.303571428571,133
"2159",13306811,119,0
"2160",13313124,70.6837606837607,8
"2161",13318173,275,0
"2162",13327034,82.8793774319066,10
"2163",13330146,240,0
"2164",13331733,280.851063829787,99
"2165",13344433,169.487179487179,20
"2166",13345701,82.6747720364742,50
"2167",13371105,39.9372693726937,5
"2168",13374617,31,0
"2169",13374823,90.4545454545455,10
"2170",13377097,147.464285714286,30
"2171",13378923,157.957446808511,25
"2172",13378936,168.37012987013,41
"2173",13381254,185,0
"2174",13391024,111.283185840708,35
"2175",13391054,100,0
"2176",13393418,139.584905660377,25
"2177",13397201,175.029411764706,1
"2178",13397390,500,0
"2179",13414159,247.952380952381,116
"2180",13414367,150,0
"2181",13415232,75,0
"2182",13415816,99,0
"2183",13415984,100,0
"2184",13417233,63.1314741035857,4
"2185",13417639,80,0
"2186",13421289,122.176470588235,95
"2187",13430656,131.346153846154,40
"2188",13433298,148.666666666667,10
"2189",13433317,115.523076923077,14
"2190",13433475,263.860058309038,109
"2191",13434817,204.58064516129,25
"2192",13435185,63,0
"2193",13443949,65,0
"2194",13445221,563.171428571429,276
"2195",13449737,247,0
"2196",13450030,82.6586102719033,50
"2197",13450880,176.5,70
"2198",13451383,85.8823529411765,20
"2199",13460331,143.039215686275,65
"2200",13462519,130,0
"2201",13464674,138.16,20
"2202",13466910,517.871720116618,1218
"2203",13477535,97.891364902507,13
"2204",13478348,181.5,3
"2205",13487348,60,0
"2206",13494185,141.791044776119,28
"2207",13509242,77.2159090909091,60
"2208",13509665,53.5273311897106,16
"2209",13510994,215,0
"2210",13512551,199,0
"2211",13513012,96.2222222222222,10
"2212",13514017,303.003267973856,119
"2213",13515084,77.6979472140763,50
"2214",13521713,212.227272727273,49
"2215",13521992,138.626470588235,30
"2216",13525610,93.7012987012987,35
"2217",13531200,71.3454545454545,6
"2218",13532311,184.825,332
"2219",13545648,315,0
"2220",13546070,239.029411764706,5
"2221",13546414,65.9685714285714,30
"2222",13547301,150,0
"2223",13549924,200.451807228916,24
"2224",13550969,363.365168539326,1218
"2225",13564587,85,0
"2226",13564762,31,0
"2227",13565183,31,0
"2228",13565471,29,0
"2229",13578106,50,0
"2230",13584884,59.4444444444444,2
"2231",13585624,299.297935103245,839
"2232",13586128,448.310240963855,1399
"2233",13586491,110.166666666667,92
"2234",13586841,110.783382789318,92
"2235",13589343,216.535168195719,271
"2236",13591091,135.12084592145,20
"2237",13591607,103.240740740741,30
"2238",13592046,85.4545454545455,20
"2239",13594886,102.592833876222,5
"2240",13602808,327.545454545455,60
"2241",13605196,131.443243243243,60
"2242",13613562,174,0
"2243",13613812,139.241071428571,15
"2244",13614982,228.243243243243,20
"2245",13622776,85,0
"2246",13623390,100.396825396825,25
"2247",13624476,275,0
"2248",13624929,80,0
"2249",13636659,111.68023255814,92
"2250",13638077,113.594202898551,92
"2251",13642024,125,0
"2252",13651290,60.1724137931034,15
"2253",13652639,335.372549019608,490
"2254",13652746,219.47619047619,40
"2255",13653016,219.533333333333,110
"2256",13653233,275,110
"2257",13655073,150,0
"2258",13655923,61.1666666666667,4
"2259",13656969,38.4354838709677,5
"2260",13671334,156.006289308176,175
"2261",13674701,180,0
"2262",13674964,150.033333333333,52
"2263",13684251,139,0
"2264",13684319,37.2652173913043,3
"2265",13684464,239,0
"2266",13686161,262.275862068966,240
"2267",13696794,69.5714285714286,26
"2268",13697464,215,0
"2269",13697676,35.0289855072464,2
"2270",13697966,165,0
"2271",13698137,71,0
"2272",13699440,123.380952380952,11
"2273",13707814,250,0
"2274",13709092,150,0
"2275",13709190,89,0
"2276",13711334,224.931677018634,63
"2277",13713143,169.1875,32
"2278",13713445,172.266666666667,17
"2279",13713713,250,0
"2280",13714817,167.24,38
"2281",13723404,289,360
"2282",13728510,236.897590361446,101
"2283",13729738,125.40127388535,10
"2284",13730500,250,0
"2285",13733558,59.8,10
"2286",13733887,308.392097264438,220
"2287",13744821,400,0
"2288",13746896,201,26
"2289",13750763,122.222222222222,50
"2290",13751426,70,0
"2291",13751871,150,0
"2292",13762650,337.648648648649,70
"2293",13778731,275,0
"2294",13788865,160.307692307692,4
"2295",13793578,267.647058823529,75
"2296",13795095,50,0
"2297",13796564,75,0
"2298",13797162,150,0
"2299",13800505,121.163636363636,18
"2300",13812075,218.582089552239,95
"2301",13813380,300,0
"2302",13813809,256.741573033708,300
"2303",13814175,359.759643916914,374
"2304",13816458,49.9644012944984,10
"2305",13822146,85,0
"2306",13824970,191.712574850299,100
"2307",13827734,75,0
"2308",13829133,127.127659574468,100
"2309",13830152,65.702479338843,12
"2310",13855525,100,0
"2311",13863117,118.913173652695,31
"2312",13863190,120,0
"2313",13864196,108.575757575758,20
"2314",13864415,99,0
"2315",13864771,89.5354330708661,1
"2316",13864961,98.1866666666667,9
"2317",13865867,70,0
"2318",13866156,157.666666666667,11
"2319",13866603,80,0
"2320",13872339,312.17679558011,100
"2321",13874533,139.562130177515,60
"2322",13884549,65.6912751677852,15
"2323",13908031,89,0
"2324",13908638,112.217391304348,40
"2325",13911832,294.516129032258,20
"2326",13912429,279.545454545455,150
"2327",13912467,348.646153846154,58
"2328",13912470,339.980891719745,90
"2329",13912472,312.258064516129,70
"2330",13918656,531.461318051576,600
"2331",13924495,323.804487179487,45
"2332",13926017,290,0
"2333",13926704,48,0
"2334",13927765,157.699088145897,33
"2335",13928082,120,0
"2336",13928400,129,0
"2337",13937181,40.6616541353383,7
"2338",13938959,79,0
"2339",13942919,199.010752688172,1
"2340",13951039,189.642857142857,25
"2341",13955674,49.3342776203966,15
"2342",13959444,475.909090909091,150
"2343",13960293,110,0
"2344",13968572,158.666666666667,35
"2345",13968660,45,0
"2346",13969106,125.354838709677,32
"2347",13969217,128,0
"2348",13979354,90.8291316526611,24
"2349",13992811,97,0
"2350",13993185,200,0
"2351",13994056,107.677966101695,43
"2352",13995573,521.380952380952,115
"2353",13998602,123.733766233766,45
"2354",14013583,135.245614035088,8
"2355",14013663,185,0
"2356",14026059,72.258064516129,5
"2357",14035936,600,0
"2358",14037899,208,0
"2359",14040282,96,0
"2360",14040844,183.810240963855,240
"2361",14041036,177.647975077882,135
"2362",14043390,150,0
"2363",14056340,60.3614457831325,10
"2364",14057189,107.094017094017,45
"2365",14057466,150,0
"2366",14072256,114.478260869565,26
"2367",14072546,114.155555555556,40
"2368",14073235,231.723404255319,96
"2369",14074739,244.8,110
"2370",14075290,114.130434782609,26
"2371",14083611,114.05,40
"2372",14085771,218.47491638796,190
"2373",14090779,69,0
"2374",14091605,94,0
"2375",14092792,59,0
"2376",14093943,96.9487179487179,12
"2377",14094279,160,21
"2378",14104621,127.333333333333,2
"2379",14105971,116.347826086957,16
"2380",14107067,236.352459016393,75
"2381",14109809,87,0
"2382",14110129,293.457478005865,49
"2383",14110186,79,0
"2384",14110777,45,0
"2385",14124430,400.797142857143,189
"2386",14125957,151.393939393939,14
"2387",14127153,31.2961876832845,3
"2388",14136069,220,0
"2389",14136509,120,0
"2390",14137262,80,0
"2391",14141920,83.1666666666667,6
"2392",14151531,126,0
"2393",14153636,79.9466666666667,71
"2394",14158636,179,0
"2395",14159799,165,0
"2396",14168664,124.397660818713,32
"2397",14178758,85,0
"2398",14186170,185.345345345345,20
"2399",14191723,195,0
"2400",14196983,97.5837988826816,61
"2401",14203428,98.0909090909091,44
"2402",14204600,404.045592705167,1154
"2403",14215317,262.991329479769,1260
"2404",14217967,200,0
"2405",14219033,59.0709677419355,7
"2406",14220964,80.0330578512397,27
"2407",14222649,93,0
"2408",14231732,110,0
"2409",14236787,295,0
"2410",14237196,144.587692307692,159
"2411",14239909,283.133757961783,241
"2412",14242888,54.4459833795014,15
"2413",14246956,222.011834319527,185
"2414",14251275,234.266862170088,241
"2415",14251839,85.946587537092,96
"2416",14253149,85.5014836795252,71
"2417",14254537,225,0
"2418",14255219,45.3670886075949,6
"2419",14262627,87,0
"2420",14272646,40,0
"2421",14274311,164.8,360
"2422",14282764,152.478260869565,16
"2423",14291722,1250,0
"2424",14292385,100,0
"2425",14296152,55,0
"2426",14300751,31.1049382716049,33
"2427",14300921,38.6951219512195,12
"2428",14303090,140,0
"2429",14303099,337.619808306709,100
"2430",14304682,119,0
"2431",14308511,66.8866279069767,22
"2432",14322091,92.0769230769231,32
"2433",14322546,113.488372093023,19
"2434",14335782,60,0
"2435",14336348,95,0
"2436",14339562,80,0
"2437",14340601,149.25641025641,10
"2438",14344516,149,0
"2439",14351036,81.0185185185185,5
"2440",14360470,70,0
"2441",14361322,40,0
"2442",14365669,500,0
"2443",14368660,96.116991643454,9
"2444",14369574,110.355987055016,50
"2445",14372667,240,0
"2446",14374965,201.162790697674,23
"2447",14386825,74.0173913043478,3
"2448",14387692,230,0
"2449",14388025,81.2380952380952,23
"2450",14389002,365.935933147632,130
"2451",14397533,310.619469026549,50
"2452",14398508,80,0
"2453",14400847,65,0
"2454",14402688,58.4090909090909,10
"2455",14404992,149.375,45
"2456",14405817,129.910714285714,25
"2457",14407094,128.970149253731,30
"2458",14413896,119,0
"2459",14414330,275,0
"2460",14414473,146.938775510204,25
"2461",14415125,275,0
"2462",14416538,119,0
"2463",14418593,300,0
"2464",14418787,65,0
"2465",14419482,390.319444444444,773
"2466",14419982,388.485714285714,773
"2467",14420163,388.233983286908,773
"2468",14420354,390.71104815864,773
"2469",14420920,459.070175438596,908
"2470",14421841,357.151933701657,684
"2471",14421910,358.465564738292,684
"2472",14422439,393.47323943662,773
"2473",14422695,392.046376811594,773
"2474",14423004,392.918604651163,773
"2475",14423483,358.072829131653,684
"2476",14424224,200,0
"2477",14426124,90.5098039215686,6
"2478",14426987,130.971223021583,30
"2479",14428514,100,0
"2480",14428517,69,0
"2481",14428745,120,0
"2482",14429876,60.0701754385965,5
"2483",14442333,85,0
"2484",14442491,255,0
"2485",14444280,115,0
"2486",14454943,90,0
"2487",14461498,125,0
"2488",14461747,165,0
"2489",14461998,166,0
"2490",14467554,275,0
"2491",14468407,90,0
"2492",14468656,125,0
"2493",14469677,77,0
"2494",14469894,239.453125,100
"2495",14473323,286.017543859649,310
"2496",14473911,308.561403508772,290
"2497",14474114,80,0
"2498",14474750,155,0
"2499",14483758,306.518404907975,907
"2500",14485048,299,0
"2501",14486237,273.214285714286,100
"2502",14486599,100.123919308357,30
"2503",14487262,199,0
"2504",14487346,82.8739002932551,10
"2505",14489201,165.262626262626,24
"2506",14500012,63.5294117647059,15
"2507",14501620,259,0
"2508",14501824,136.212927756654,11
"2509",14503389,85,0
"2510",14504422,64.7818181818182,3
"2511",14504583,64.5470588235294,8
"2512",14510982,227.777777777778,100
"2513",14519844,267.406685236769,250
"2514",14522631,171.007575757576,70
"2515",14522917,135.175675675676,24
"2516",14532696,97.9411764705882,10
"2517",14533011,92.9411764705882,10
"2518",14533117,48.7636363636364,5
"2519",14533848,125,0
"2520",14536322,85,0
"2521",14537320,210,0
"2522",14538087,370.318713450292,1137
"2523",14539326,107.122093023256,25
"2524",14550228,113,0
"2525",14552102,276.828571428571,57
"2526",14552489,95.6707317073171,26
"2527",14553171,189.229885057471,47
"2528",14553190,228,0
"2529",14553530,175,0
"2530",14564883,126.632398753894,10
"2531",14566386,160,0
"2532",14566657,185.288753799392,210
"2533",14572086,149.535816618911,2
"2534",14572100,175,50
"2535",14572511,212.5,62
"2536",14573486,240,0
"2537",14573919,211.919770773639,40
"2538",14573969,71.0277777777778,1
"2539",14574734,171.493506493506,100
"2540",14574800,70.6555555555556,16
"2541",14576706,75,0
"2542",14585486,123.275,40
"2543",14586440,344.589506172839,1018
"2544",14589341,304.017857142857,208
"2545",14589471,284.836734693878,126
"2546",14589695,425,0
"2547",14591406,300,0
"2548",14591627,115,30
"2549",14592644,197.408759124088,60
"2550",14593751,55,0
"2551",14594810,249,0
"2552",14595735,127.142857142857,20
"2553",14595823,89,0
"2554",14600925,36,0
"2555",14602997,75.900826446281,24
"2556",14603013,200.379310344828,105
"2557",14603878,59,0
"2558",14604429,60,0
"2559",14608495,84.929012345679,10
"2560",14608502,160,0
"2561",14610297,155,0
"2562",14614422,165,0
"2563",14624254,256.1,24
"2564",14624367,326,0
"2565",14632658,160,0
"2566",14632821,60,0
"2567",14636981,80,0
"2568",14646704,98.9555555555555,46
"2569",14647962,185,0
"2570",14647971,200,0
"2571",14650655,123.388429752066,22
"2572",14653823,160.160642570281,20
"2573",14655187,59,0
"2574",14660635,250,0
"2575",14660851,100,0
"2576",14662927,82.8787878787879,20
"2577",14663743,244.848101265823,140
"2578",14663819,48,0
"2579",14664852,45,0
"2580",14670143,202.5625,19
"2581",14670311,50,0
"2582",14672735,65,0
"2583",14677678,250,0
"2584",14679817,139.017647058824,3
"2585",14680277,190.794701986755,70
"2586",14682145,25,0
"2587",14682588,246.206896551724,225
"2588",14682931,68.3352272727273,20
"2589",14683493,111.022508038585,179
"2590",14685769,50,0
"2591",14685903,348.583333333333,50
"2592",14686119,33.8088235294118,7
"2593",14689681,137.945454545455,91
"2594",14690527,150,0
"2595",14691657,48,0
"2596",14692682,55.2307692307692,2
"2597",14693220,175,0
"2598",14698794,100.123595505618,100
"2599",14700046,140.498392282958,18
"2600",14707780,97,0
"2601",14709217,149,0
"2602",14711125,205.962962962963,79
"2603",14711359,135,0
"2604",14713259,127.5,35
"2605",14713980,185,0
"2606",14714374,120.434782608696,25
"2607",14719754,50,0
"2608",14723758,151.130434782609,64
"2609",14731382,338.263803680982,190
"2610",14740708,49,0
"2611",14742564,75,0
"2612",14742722,142.598684210526,25
"2613",14743129,68,0
"2614",14744740,576.558139534884,500
"2615",14745087,281.608695652174,440
"2616",14747561,40,0
"2617",14754108,75,0
"2618",14754902,209,0
"2619",14756029,96.8461538461538,16
"2620",14756184,87.9188405797101,14
"2621",14756269,201.107142857143,80
"2622",14758045,1235,0
"2623",14759485,300.295597484277,100
"2624",14760739,92.2700296735905,65
"2625",14760955,370.766467065868,1146
"2626",14760973,76.300283286119,45
"2627",14769652,160,0
"2628",14770892,275,0
"2629",14773223,66.7903225806452,10
"2630",14773792,46.8523676880223,5
"2631",14774426,80,0
"2632",14774811,296.081395348837,400
"2633",14778561,70,0
"2634",14780153,84.7714285714286,20
"2635",14780436,225,0
"2636",14798497,259,0
"2637",14798673,1345,0
"2638",14799678,232,0
"2639",14808548,86.3333333333333,7
"2640",14813006,584.06528189911,440
"2641",14817983,119,0
"2642",14818575,155,50
"2643",14819274,196.970588235294,15
"2644",14819717,232.920972644377,22
"2645",14820482,375,0
"2646",14821064,305.157407407407,111
"2647",14821911,225,0
"2648",14822087,42.014164305949,13
"2649",14822424,235.841379310345,76
"2650",14823430,72.5159420289855,5
"2651",14823724,212.727272727273,45
"2652",14824568,128.687150837989,13
"2653",14824684,166.907284768212,38
"2654",14825159,117.183333333333,33
"2655",14826101,100,0
"2656",14834257,33,0
"2657",14834305,55,0
"2658",14842237,241.22380952381,23
"2659",14843050,125.176470588235,14
"2660",14843783,199,0
"2661",14844149,98,0
"2662",14848154,88.0805555555555,34
"2663",14849141,70.6675900277008,16
"2664",14852179,95.7391304347826,31
"2665",14854164,89.9137931034483,25
"2666",14854671,99.7080536912752,45
"2667",14855404,44.1739130434783,39
"2668",14855656,220.256484149856,10
"2669",14857569,79.6818181818182,25
"2670",14857923,259.031976744186,22
"2671",14858003,275,0
"2672",14858782,50.3705882352941,6
"2673",14864858,195,0
"2674",14866400,68.4623655913979,12
"2675",14867747,20,0
"2676",14868087,101.811320754717,44
"2677",14868157,74.9357541899441,27
"2678",14870532,79.0337837837838,4
"2679",14870557,399,0
"2680",14871445,75.1204481792717,5
"2681",14872018,89.5363636363636,6
"2682",14873017,187.577464788732,64
"2683",14873100,75,0
"2684",14873137,201.109243697479,291
"2685",14874204,70.7,6
"2686",14878512,110.710526315789,48
"2687",14884243,60,0
"2688",14885592,264.562962962963,330
"2689",14885796,95.6441717791411,20
"2690",14885917,56.8392857142857,15
"2691",14897219,424.011461318052,180
"2692",14897997,309,110
"2693",14898146,180.255474452555,67
"2694",14898198,91.3837535014006,18
"2695",14902894,132.769886363636,30
"2696",14907062,189.405099150142,61
"2697",14908177,219.206153846154,285
"2698",14909417,314.971264367816,86
"2699",14912536,248.397590361446,103
"2700",14916248,127.074285714286,75
"2701",14917151,170,0
"2702",14917833,250,0
"2703",14918194,100,0
"2704",14918425,160,0
"2705",14924831,169.515151515152,48
"2706",14928333,105.380530973451,43
"2707",14933380,49,0
"2708",14933461,165.113333333333,17
